{
  "direct": {
    "perception": 0.4836748058751988,
    "prediction": 0.5404411764705882,
    "planning": 0.5064824912153156,
    "region": 0.7400524455592293
  },
  "reasoning": {
    "perception": 0.4370848535878005,
    "prediction": 0.5220588235294118,
    "planning": 0.5039379619532292,
    "region": 0.6689089043438604
  },
  "rule_given": {
    "perception": 0.6984750678267377,
    "prediction": 0.7141544117647058,
    "planning": 0.728098873137041,
    "region": 0.6983240223463687
  }
}